<Interface xmlns:xsi="http://www.w3.org/2001/XMLSchema-instance" xsi:noNamespaceSchemaLocation="../../Interface.xsd">

  <Assets>
    <Texture name="EA_Scenario01_32b" file="Textures/EA_Scenario01_32b.dds">
      <Slice id="banner-base" left="0" top="46" width="46" height="46" />
      <Slice id="banner-hover" left="46" top="46" width="46" height="46" />
      <Slice id="banner-press" left="92" top="46" width="46" height="46" />
      <Slice id="scenario-base" left="0" top="0" width="46" height="46" />
      <Slice id="scenario-hover" left="46" top="0" width="46" height="46" />
      <Slice id="scenario-press" left="92" top="0" width="46" height="46" />
      <Slice id="mover" left="10" top="10" width="10" height="10" />  
    </Texture>
    <Texture name="EA_ScenarioSummary01_d5" file="Textures/EA_ScenarioSummary01_d5.dds">
    <!--
        <Slice id="rank" left="197" top="0" width="17" height="33" />
        <Slice id="rank-highlighted" left="197" top="33" width="17" height="33" />
    -->
    </Texture>
  </Assets>
  
  
   <Scripts>
        <Script file="CMap.lua" />
    </Scripts>  
    
    <Windows>

        <!-- Main Window -->
        <Window name="CMapWindow" movable="true"  savesettings="true">
            <Size>
                <AbsPoint x="300" y="330" />
            </Size>
            <Anchors>
                <Anchor point="bottomright" relativePoint="bottomright" >
                    <AbsPoint x="0" y="0" />
                </Anchor>
            </Anchors>
            <EventHandlers>
                <EventHandler event="OnInitialize" function="CMapWindow.Initialize" /> 
                <EventHandler event="OnShutdown" function="CMapWindow.Shutdown" />
                <EventHandler event="OnLButtonDown" function="CMapWindow.OnLButtonDown" />

                
            </EventHandlers>
            
            

            
            <Windows>
                 <FullResizeImage name="$parentBackground" inherits="EA_FullResizeImage_TintableSolidBackground" alpha="0.8" layer="background">
                    <Anchors>
                        <Anchor point="topleft" relativeTo="$parentMapDisplay" relativePoint="topleft" >
                            <AbsPoint x="-1" y="-1" />
                        </Anchor>
                        <Anchor point="bottomright" relativeTo="$parentMapDisplay" relativePoint="bottomright" >
                            <AbsPoint x="1" y="1" />
                        </Anchor>
                    </Anchors>
                    <TintColor r="50" g="50" b="50" />
                </FullResizeImage>
                
				
               

                          <!-- Map Display    shape="square"   -->
                <MapDisplay name="$parentMapDisplay" pinTexture="map_markers01"  shape="square" movable="false" layer="default"  gutterIcon="39">

                    <Anchors>
                        <Anchor point="topleft" relativePoint="topleft" relativeTo="$parent">
                            <AbsPoint x="0" y="30" />
                        </Anchor>
                         <Anchor point="bottomright" relativeTo="$parent" relativePoint="bottomright" >
                            <AbsPoint x="0" y="0" />
                        </Anchor>
                    </Anchors>
                    <EventHandlers>
                        <EventHandler event="OnPointMouseOver" function="CMapWindow.OnMouseOverPoint" />
                        <EventHandler event="OnLButtonUp" function="CMapWindow.OnClickMap" />
                        <EventHandler event="OnMouseWheel" function="CMapWindow.MWheel" />
                        <!--    <EventHandler event="OnMouseOverEnd" function="CMapWindow.MapOverEnd" /> 
                            <EventHandler event="OnMouseOver" function="CMapWindow.MapOver" />
                            <EventHandler event="OnUpdate" function="CMapWindow.UpdateCoordinatesMap" /-->
                    </EventHandlers>
                </MapDisplay>
   
                   <MapDisplay name="$parentWMap" loadingAnim="" pinTexture="map_markers01"  shape="square" movable="false" iconScale="0.70" layer="secondary">

            			 <Anchors>
                        <Anchor point="topleft" relativePoint="topleft" relativeTo="$parentMapDisplay">
                            <AbsPoint x="0" y="0" />
                        </Anchor>                                                         
                        <Anchor point="bottomright" relativeTo="$parentMapDisplay" relativePoint="bottomright" >
                            <AbsPoint x="0" y="0" />
                        </Anchor>
                   </Anchors> 
            			<EventHandlers>
            				<EventHandler event="OnPointMouseOver" function="CMapWindow.WmapOnMouseOverPoint" />
                                   <EventHandler event="OnLButtonUp" function="CMapWindow.WmapOnClickMap" />
            				<EventHandler event="OnShown"       function="WindowUtils.OnShown" />
                                   <EventHandler event="OnHidden"      function="WindowUtils.OnHidden" />
     
                                   <EventHandler event="OnMouseOverEnd" function="CMapWindow.WmapOverEnd" /> 
                                   <EventHandler event="OnMouseOver" function="CMapWindow.WmapOver" />
                                   <EventHandler event="OnUpdate" function="CMapWindow.UpdateCoordinatesWMap" />
                                    <EventHandler event="OnMouseWheel" function="CMapWindow.MWheel" />
            			</EventHandlers>
            		</MapDisplay> 
                
                

                                  <!-- City Rating Stars -->
                <Window name="$parentCityRating" inherits="EA_Window_CityRating" layer="popup" >
                              <EventHandlers>
                                             <EventHandler event="OnMouseOver" function="CMapWindow.OnMouseOverCityRating"/>			
                              </EventHandlers>
                </Window>  

                <Label name="$parentAreaNameText" inherits="EA_Label_DefaultSubHeading" autoresize="true" textAutoFitMinScale="0.5"  layer="popup">
                    <Size>
                        <AbsPoint x="255" y="28" />
           
           
                    </Size>
                    <Color r="225" g="225" b="225" />
                </Label>
                
                  <Label name="$parentDigitinf" inherits="EA_Label_DefaultSubHeading" textAutoFitMinScale="0.5"  layer="popup">
                    <Size>
                        <AbsPoint x="235" y="30" />
                    </Size>

                    <EventHandlers>
                        <EventHandler event="OnLButtonUp" function="CMapWindow.OnClickDigitinf" />
                        <EventHandler event="OnMouseOver" function="CMapWindow.OnMouseOverDigitinf" />
                    </EventHandlers>
                    <Color r="0" g="255" b="255" />
                </Label>
               

                <Window name="$parentZoomSlider" inherits="Cmap_Template_OverheadMapZoomSlider" textureScale="1" layer="popup">
                    <Size>
                        <AbsPoint x="28" y="50" />
                    </Size>

                </Window>


                <Button name="$parentMapWorldMapButton" inherits="DefaultButton" textureScale="0.85" backgroundtexture="EA_HUD_01" highlighttexture="EA_HUD_01" layer="popup">
                    <Size>
                        <AbsPoint x="39" y="39" />
                    </Size>

                    <EventHandlers>
                        <EventHandler event="OnLButtonUp" function="CMapWindow.ToggleWorldMapWindow" />
                        <EventHandler event="OnMouseOver" function="CMapWindow.OnMouseoverWorldMapBtn" />
                        <EventHandler event="OnMouseWheel" function="CMapWindow.MWheelWholeZoom" />
                    </EventHandlers> 
                    <Sounds>
                        <Sound event="OnLButtonDown" script="" />
                        <Sound event="OnMouseOver" script="Sound.Play( Sound.BUTTON_OVER )" />
                    </Sounds>
                    <TexSlices>
                        <Normal          id="Big-Map-Button"            />
                        <NormalHighlit   id="Big-Map-Button-ROLLOVER"   />
                        <Pressed         id="Big-Map-Button-ROLLOVER"   />
                        <PressedHighlit  id="Big-Map-Button-ROLLOVER"   />
                    </TexSlices>
                </Button>   
                
                
                <DynamicImage name="$parentMapMailNotificationIcon" texture="EA_HUD_01" slice="You-Have-Mail" layer="popup" >
                    <Size>
                        <AbsPoint x="29" y="25" />
                    </Size>
       
                    <EventHandlers>
                        <EventHandler event="OnMouseOver" function="CMapWindow.MouseoverMail" />
                    </EventHandlers>
                </DynamicImage>
                

                <!-- Rally Call Button -->
                <Button name="$parentMapRallyCall" inherits="DefaultButton"  textureScale="0.75" backgroundtexture="EA_HUD_01" highlighttexture="EA_HUD_01" layer="popup">
                    <Size>
                        <AbsPoint x="28" y="28" />
                    </Size>
                    <Anchors>
                        <Anchor point="center" relativePoint="center" relativeTo="$parentMapFrame">
                            <AbsPoint x="-90" y="87"/>
                        </Anchor>
                    </Anchors>
                    <EventHandlers>
                        <EventHandler event="OnLButtonUp" function="CMapWindow.OnRallyCallLButtonUp" />
                        <EventHandler event="OnMouseOver" function="CMapWindow.OnMouseoverRallyCall" />                        
                    </EventHandlers>
                    <Windows>
                        <AnimatedImage name="$parentGlowAnim" fps="6" texture="EA_HUD_01" textureScale="1.0" layer="background" handleinput="false">
                            <Size>
                                <AbsPoint x="37" y="37"/>
                            </Size>
                            <Anchors>
                                <Anchor point="center" relativePoint="center">
                                    <AbsPoint x="0" y="0" />
                                </Anchor>
                            </Anchors>
                            <AnimFrames>
                                <AnimFrame id="1" x="64" y="796" />
                                <AnimFrame id="2" x="101" y="796" />
                                <AnimFrame id="3" x="138" y="796" />
                                <AnimFrame id="4" x="175" y="796" />
                                <AnimFrame id="5" x="212" y="796" />
                                <AnimFrame id="6" x="249" y="796" />
                            </AnimFrames>
                        </AnimatedImage>
                    </Windows>
                    <Sounds>
                        <Sound event="OnLButtonDown" script="" />
                        <Sound event="OnMouseOver" script="Sound.Play( Sound.BUTTON_OVER )" />
                    </Sounds>
                    <TexSlices>
                        <Normal         id="Map-Scenario-Button-Blue" />
                        <NormalHighlit  id="Map-Scenario-Button-ROLLOVER" />
                        <Pressed        id="Map-Scenario-Button-Blue-Queue-Frame-1" />
                        <PressedHighlit id="Map-Scenario-Button-ROLLOVER" />
                    </TexSlices>

                </Button>

                                 <!-- RVR Information -->
                <DynamicImage name="$parentRvRFlagIndicator" inherits="RvRFlagIndicator" popable="false" handleinput="true" layer="popup">
                    <Anchors>
                        <Anchor point="topleft" relativePoint="topleft" relativeTo="">
                            <AbsPoint x="-6" y="14" />
                        </Anchor>
                    </Anchors>
                    <EventHandlers>
                        <EventHandler event="OnMouseOver" function="CMapWindow.OnMouseoverRvRIndicator" />
                    </EventHandlers>
                </DynamicImage>


               <Window name="$parentOverheadCurrentEvents" skipinput="false"  layer="popup">
                    <Size>
                        <AbsPoint x="37" y="37" />
                    </Size>
                    <Anchors>
                        <Anchor point="topleft" relativePoint="topleft" relativeTo="$parentMapFrame">
                            <AbsPoint x="-1" y="60" />
                        </Anchor>
                    </Anchors>
                    <Windows>
                        <Button name="$parentButton" inherits="EA_Button_Default" backgroundtexture="EA_HUD_01" highlighttexture="EA_HUD_01" >
                            <Size>
                                <AbsPoint x="37" y="37" />
                            </Size>
                            <EventHandlers>
                                <EventHandler event="OnMouseOver" function="EA_Window_OverheadMap.OnMouseOverCurrentEvents" />
                                <EventHandler event="OnLButtonUp" function="EA_Window_OverheadMap.ToggleCurrentEvents" />
                            </EventHandlers>
                            <TexSlices>
                                <Normal         id="Current-Event-Button" />
                                <NormalHighlit  id="Current-Event-Button-Rollover" />
                                <Pressed        id="Current-Event-Button" />
                                <PressedHighlit id="Current-Event-Button-Rollover" />
                            </TexSlices>
                        </Button>
                    </Windows>
                </Window>

                <!-- Ranked Leaderboard Button Bset -->
                <Button name="$parentMapRankedLeaderboard" inherits="DefaultButton"  textureScale="1" backgroundtexture="EA_ScenarioSummary01_d5" highlighttexture="EA_ScenarioSummary01_d5" layer="popup">
                    <Size>
                        <AbsPoint x="17" y="33" />
                    </Size>
                    <Anchors>
                        <Anchor point="center" relativePoint="center" relativeTo="$parentOverheadCurrentEvents">
                            <AbsPoint x="-3" y="34"/>
                        </Anchor>
                    </Anchors>
                    <EventHandlers>
                        <EventHandler event="OnLButtonUp" function="CMapWindow.ToggleRankedLeaderboard" />
                        <EventHandler event="OnMouseOver" function="CMapWindow.OnMouseoverRankedLeaderboard" />                    
                    </EventHandlers>
                    <Sounds>
                        <Sound event="OnLButtonDown" script="" />
                        <Sound event="OnMouseOver" script="Sound.Play( Sound.BUTTON_OVER )" />
                    </Sounds>
                    <TexSlices>
                        <Normal         id="rank" />
                        <NormalHighlit  id="rank-highlighted" />
                        <Pressed        id="rank" />
                        <PressedHighlit id="rank-highlighted" />
                        <!-- 
                        <Normal         id="Map-Scenario-Button-Blue" />
                        <NormalHighlit  id="IM-Note-HIGHLIGHTED" />
                        <Pressed        id="IM-Note-Inactive" />
                        <PressedHighlit id="IM-Note-HIGHLIGHTED" />
                        -->
                    </TexSlices>

                </Button>

                <!-- State of Realm Button -->
                <Button name="$parentMapStateOfRealm" inherits="DefaultButton" backgroundtexture="SoR_Icon" layer="popup" handleinput="true" texturescale="0.65">
                    <Size>
                        <AbsPoint x="36" y="36" />
                    </Size>
                    <Anchors>
                        <Anchor point="center" relativePoint="center" relativeTo="$parentMapRankedLeaderboard">
                            <AbsPoint x="3" y="35"/>
                        </Anchor>
                    </Anchors>                    
                    <EventHandlers>
                        <EventHandler event="OnLButtonUp" function="RoR_SoR.Toggle"/>
                        <EventHandler event="OnMouseOver" function="RoR_SoR.MainTooltip"/>
                        <EventHandler event="OnRButtonUp" function="RoR_SoR.OnTabRBU"/>
                    </EventHandlers>
                    <TexSlices>
                        <Normal id="SquareButton" /> 
                        <NormalHighlit id="SquareButton-Rollover" /> 
                        <Pressed id="SquareButton-Depressed" /> 
                        <PressedHighlit id="SquareButton-Depressed" /> 
                    </TexSlices>
                </Button>
                <!-- State of Realm Button -->
                <!-- Enemy Button -->
                <DynamicImage name="$parentMapEnemy" texture="enemy_icon_inactive" layer="popup">
                    <TexCoords x="0" y="0" />
                    <TexDims x="48" y="48" />                    
                    <Size>
                        <AbsPoint x="25" y="25" />
                    </Size>                    
                    <Anchors>
                        <Anchor point="center" relativePoint="center" relativeTo="$parentMapStateOfRealm">
                            <AbsPoint x="-3" y="29"/>
                        </Anchor>
                    </Anchors>                    
                    <EventHandlers>
                        <EventHandler event="OnMouseOver" function="CMapWindow.OnMouseOverEnemy" />
                        <EventHandler event="OnLButtonUp" function="Enemy.UI_Icon_OnLButtonUp" />
                        <EventHandler event="OnRButtonUp" function="Enemy.UI_Icon_OnRButtonUp" />
                    </EventHandlers>
                </DynamicImage>
                <!-- Enemy Button -->

                <!-- Scenario Queue Button -->
         <Button name="$parentMapScenarioQueue" inherits="DefaultButton" textureScale="0.75" backgroundtexture="EA_HUD_01" highlighttexture="EA_HUD_01" layer="popup">
                    <Size>
                        <AbsPoint x="28" y="28" />
                    </Size>

                    <EventHandlers>
                        <EventHandler event="OnLButtonUp" function="CMapWindow.OnScenarioQueueLButtonUp" />
                        <EventHandler event="OnMouseOver" function="CMapWindow.OnMouseoverScenarioQueue" />
                        <EventHandler event="OnRButtonUp" function="CMapWindow.OnScenarioQueueRButtonUp" />
                    </EventHandlers>
                    <Windows>
                        <AnimatedImage name="$parentGlowAnim" fps="10" texture="anim_fury_round_1" textureScale="0.43" layer="secondary" handleinput="false">
                            <Size>
                                <AbsPoint x="45" y="52"/>
                            </Size>
                            <Anchors>
                                <Anchor point="center" relativePoint="center" relativeTo="$parent">
                                    <AbsPoint x="2" y="-6" />
                                </Anchor>
                            </Anchors>
                            <AnimFrames>
                                <AnimFrame id="1" x="2" y="0" />
                                <AnimFrame id="2" x="101" y="0" />
                                <AnimFrame id="3" x="200" y="0" />
                                <AnimFrame id="4" x="300" y="0" />
                                <AnimFrame id="5" x="399" y="0" />
                                <AnimFrame id="6" x="3" y="128" />
                                <AnimFrame id="7" x="102" y="128" />
                                <AnimFrame id="8" x="201" y="128" />
                                <AnimFrame id="9" x="300" y="128" />
                                <AnimFrame id="10" x="398" y="128" />
                                <AnimFrame id="11" x="2" y="256" />
                                <AnimFrame id="12" x="101" y="256" />
                                <AnimFrame id="13" x="200" y="256" />
                                <AnimFrame id="14" x="300" y="256" />
                                <AnimFrame id="15" x="398" y="256" />
                            </AnimFrames>
                        </AnimatedImage>
                    </Windows>    
                    <Sounds>
                        <Sound event="OnLButtonDown" script="" />
                        <Sound event="OnMouseOver" script="Sound.Play( Sound.BUTTON_OVER )" />
                    </Sounds>
                    <TexSlices>
                        <Normal         id="Map-Scenario-Button" />
                        <NormalHighlit  id="Map-Scenario-Button-ROLLOVER" />
                        <Pressed        id="Map-Scenario-Button-Queue-Frame1" />
                        <PressedHighlit id="Map-Scenario-Button-ROLLOVER" />
                    </TexSlices>

                </Button>

                <Button name="$parentScenarioSummaryButton"  textureScale="0.75" inherits="DefaultButton" backgroundtexture="EA_HUD_01"  highlighttexture="EA_HUD_01" layer="popup">
                    <Size>
                        <AbsPoint x="28" y="28" />
                    </Size>

                    <EventHandlers>
	                        <EventHandler event="OnLButtonUp" function="CMapWindow.ToggleScenarioSummaryWindow" />
	                        <EventHandler event="OnMouseOver" function="CMapWindow.OnMouseoverScenarioSummaryBtn" />
							            <EventHandler event="OnRButtonUp" function="CMapWindow.OnScenarioQueueRButtonUp" />
                    </EventHandlers>
                    <TexSlices>
                        <Normal         id="Map-Scenario-Button-Queue-Frame1" />
                        <NormalHighlit  id="Map-Scenario-Button-ROLLOVER" />
                        <Pressed        id="Map-Scenario-Button" />
                        <PressedHighlit id="Map-Scenario-Button-ROLLOVER" />
                    </TexSlices>
                </Button>

                <Button name="$parentScenarioGroupButton" inherits="DefaultButton"   textureScale="0.75" backgroundtexture="EA_Scenario01_32b"  highlighttexture="EA_Scenario01_32b" layer="popup">
                    <Size>
                        <AbsPoint x="35" y="35" />
                    </Size>

                    <EventHandlers>
                        <EventHandler event="OnLButtonUp" function="CMapWindow.ToggleScenarioGroupWindow" />
                        <EventHandler event="OnMouseOver" function="CMapWindow.OnMouseoverScenarioGroupBtn" />
                    </EventHandlers>
                    <TexSlices>
                        <Normal         id="banner-base" />
                        <NormalHighlit  id="banner-hover" />
                        <Pressed        id="banner-press" />
                        <PressedHighlit id="banner-hover" />
                    </TexSlices>
                </Button>

                

                <Button name="$parentFilterMenuButton" inherits="EA_Button_Default" layer="popup" backgroundtexture="EA_HUD_01" highlighttexture="EA_HUD_01" >
                    <Size>
                        <AbsPoint x="21" y="22" />
                    </Size>

                    <EventHandlers>
                        <EventHandler event="OnLButtonUp" function="CMapWindow.ToggleFilterMenu" />
                        <EventHandler event="OnMouseOver" function="CMapWindow.OnMouseOverFilterMenuButton" />
                    </EventHandlers>
                    <TexSlices>
                        <Normal         id="Map-Filters-Button" />
                        <NormalHighlit  id="Map-Filters-Button-ROLLOVER" />
                        <Pressed        id="Map-Filters-Button-Depressed" />
                        <PressedHighlit id="Map-Filters-Button-ROLLOVER" />
                    </TexSlices>
                </Button>
                
            </Windows>
        </Window>
        
        
        
            

         <Window name="CMapWindowPinFilterMenu" movable="false" layer="popup" inherits="EA_Window_Default">
            <Size>
                <AbsPoint x="568" y="500" />
            </Size>
            <Anchors>
                        <Anchor point="left" relativeTo="CMapWindowFilterMenuButton" relativePoint="right" >
                            <AbsPoint x="0" y="0" />
                        </Anchor>

            </Anchors>

            <EventHandlers>
                <EventHandler event="OnInitialize"  function="CMapWindow.RefreshMapPointFilterMenu" />
                <EventHandler event="OnShutdown"    function="EA_Window_ContextMenu.Shutdown" />
                <EventHandler event="OnLButtonDown" function="WindowUtils.TrapClick" />
                <EventHandler event="OnShown"       function="WindowUtils.OnShown" />
                <EventHandler event="OnHidden"      function="WindowUtils.OnHidden" />
            </EventHandlers>
            <Windows>
                
                                <Label name="$parentFiltersHeading" font="font_default_sub_heading" maxchars="64" textalign="left" handleinput="false">
                    <Size>
                        <AbsPoint x="500" y="25" />
                    </Size>
                    <Anchors>
                        <Anchor point="topleft" relativePoint="bottomleft" relativeTo="$parentFiltersList">
                            <AbsPoint x="32" y="-3" />
                        </Anchor>
                    </Anchors>
                    <Color r="255" g="204" b="102" a="255"/>
                </Label>
                <ListBox name="$parentFiltersList" rowdef="Cmap_MapPinFilterEntry" visiblerows="7" rowcount="7" rowspacing="6">
                    <Size>
                        <AbsPoint x="550" y="266" />
                    </Size>
                    <Anchors>
                        <Anchor point="topleft" relativePoint="topleft" relativeTo="$parent">
                            <AbsPoint x="4" y="38"/>
                        </Anchor>
                    </Anchors>
                    <ListData table="CMapWindow.mapPinFilters" populationfunction="CMapWindow.PopulateFilters"/>
                </ListBox>
                <Label name="$parentGuttersHeading" font="font_default_sub_heading" maxchars="64" textalign="left" handleinput="false">
                    <Size>
                        <AbsPoint x="500" y="25" />
                    </Size>
                    <Anchors>
                        <Anchor point="topleft" relativePoint="bottomleft" relativeTo="$parentGuttersList">
                            <AbsPoint x="32" y="-3" />
                        </Anchor>
                    </Anchors>
                    <Color r="255" g="204" b="102" a="255"/>
                </Label>
                <ListBox name="$parentGuttersList" rowdef="Cmap_MapPinGutterEntry" visiblerows="2" rowcount="2" rowspacing="6">
                    <Size>
                        <AbsPoint x="550" y="76" />
                    </Size>
                    <Anchors>
                        <Anchor point="topleft" relativePoint="topleft" relativeTo="$parent">
                            <AbsPoint x="4" y="342"/>
                        </Anchor>
                    </Anchors>
                    <ListData table="CMapWindow.mapPinGutters" populationfunction="CMapWindow.PopulateGutters"/>
                </ListBox>
                
                
                <FullResizeImage name="$parentBackground" inherits="EA_FullResizeImage_BlackTransparent">
                    <Anchors>
                        <Anchor point="topleft" relativePoint="topleft" relativeTo="$parent" />
                        <Anchor point="bottomright" relativePoint="bottomright" relativeTo="$parent" />
                    </Anchors>
                </FullResizeImage>
            </Windows>
        </Window>
        
        

          <Window name="CMapWindowResize"  movable="false" layer="background" inherits="EA_Window_Default">

            <Size>
                <AbsPoint x="100" y="100" />
            </Size>
                    <Anchors>
                        <Anchor point="topleft" relativePoint="topleft" relativeTo="CMapWindowBackground" />
                        <Anchor point="bottomright" relativePoint="bottomright" relativeTo="CMapWindowBackground" />
                    </Anchors>


            <Windows>
              
				<Button name="$parentResizeButtonLO" inherits="CoreWindowResizeButton">
                    <Size>
                        <AbsPoint x="30" y="30" />
                    </Size>
                    <Anchors>
                        <Anchor point="topleft" relativePoint="topleft" relativeTo="$parent" >
                            <AbsPoint x="0" y="0" />
                        </Anchor>
                    </Anchors>
                    <EventHandlers>
                        <EventHandler event="OnLButtonDown" function="CMapWindow.OnResizeBeginLO" />
                    </EventHandlers>
                </Button>

                <Button name="$parentResizeButtonRO" inherits="CoreWindowResizeButton">
                    <Size>
                        <AbsPoint x="30" y="30" />
                    </Size>
                    <Anchors>
                        <Anchor point="topright" relativePoint="topright" relativeTo="$parent" >
                            <AbsPoint x="0" y="0" />
                        </Anchor>
                    </Anchors>
                    <EventHandlers>
                        <EventHandler event="OnLButtonDown" function="CMapWindow.OnResizeBeginRO" />
                    </EventHandlers>
                </Button>


                <Button name="$parentResizeButtonLU" inherits="CoreWindowResizeButton">
                    <Size>
                        <AbsPoint x="30" y="30" />
                    </Size>
                    <Anchors>
                        <Anchor point="bottomleft" relativePoint="bottomleft" relativeTo="$parent" >
                            <AbsPoint x="0" y="0" />
                        </Anchor>
                    </Anchors>
                    <EventHandlers>
                        <EventHandler event="OnLButtonDown" function="CMapWindow.OnResizeBeginLU" />
                    </EventHandlers>
                </Button>
                <Button name="$parentResizeButtonRU" inherits="CoreWindowResizeButton">
                    <Size>
                        <AbsPoint x="30" y="30" />
                    </Size>
                    <Anchors>
                        <Anchor point="bottomright" relativePoint="bottomright" relativeTo="$parent" >
                            <AbsPoint x="0" y="0" />
                        </Anchor>
                    </Anchors>
                    <EventHandlers>
                        <EventHandler event="OnLButtonDown" function="CMapWindow.OnResizeBeginRU" />
                    </EventHandlers>
                </Button>
              
        
        
        
                     </Windows>
        </Window>
    </Windows>
</Interface>