<Interface xmlns:xsi="http://www.w3.org/2001/XMLSchema-instance" xsi:noNamespaceSchemaLocation="../../Interface.xsd">
<Windows>

	<Window name="WarBoard_ClockOptions" layer="secondary" movable="true" savesettings="false">
		<Size>
				<AbsPoint x="460" y="580" />
		</Size>
		<Anchors>
				<Anchor point="center" relativePoint="center">
						<AbsPoint x="0" y="0"/>
				</Anchor>
		</Anchors>
		<EventHandlers>
			<EventHandler event="OnShown" function="WarBoard_ClockOptions.OnShown" />
		</EventHandlers>
		<Windows>

			<Window name="$parentTitleBar" inherits="EA_TitleBar_Default"/>
			<Button name="$parentClose" inherits="EA_Button_DefaultWindowClose" >
				<EventHandlers>
					<EventHandler event="OnLButtonUp" function="WarBoard_ClockOptions.Hide" />
				</EventHandlers>
			</Button>

			<Label name="$parentFootNote" font="font_clear_small_bold" autoresize="true" textalign="center" layer="popup" popable="false" handleinput="false">
				<Size>
					<AbsPoint x="450" y="32" />
				</Size>
				<Anchors>
					<Anchor point="bottomleft" relativePoint="bottomleft"/>
					<Anchor point="bottomright" relativePoint="bottomright"/>
				</Anchors>
				<Color r="100" g="50" b="0" a="255" />
			</Label>

			<Window name="$parentBackground" inherits="EA_Window_DefaultContextMenuFrame" layer="background">
				<Size>
					<AbsPoint x="460" y="560"/>
				</Size>
				<Anchors>
					<Anchor point="topleft" relativePoint="topleft" relativeTo="$parent">
						<AbsPoint x="0" y="30"/>
					</Anchor>
				</Anchors>
			</Window>

			<!-- HOUR FORMAT START -->
			<FullResizeImage name="$parent_friHourFormat" inherits="EA_FullResizeImage_TanBorder">
				 <Size>
					<AbsPoint x="400" y="156" />
				</Size>
				 <Anchors>
					<Anchor point="topleft" relativeTo="" relativePoint="topleft">
						<AbsPoint x="25" y="80" />
					</Anchor>
				 </Anchors>
			</FullResizeImage>

			<Label name="$parent_lblDisplaySettings" font="font_clear_small_bold" autoresize="true" textalign="left" layer="popup" popable="false" handleinput="false">
				<Size>
					<AbsPoint x="300" y="32" />
				</Size>
				<Anchors>
					<Anchor point="topleft" relativeTo="$parent_friHourFormat" relativePoint="bottomleft">
						<AbsPoint x="5" y="-5" />
					</Anchor>
				</Anchors>
				<Color r="150" g="20" b="150" a="255" />
			</Label>

			<Label name="$parent_lblHourFormat" inherits="DefaultWindowSmallText" textalign="left">
				<Size>
					<AbsPoint x="225" y="32"/>
				</Size>
				<Anchors>
					<Anchor point="topleft" relativePoint="topleft" relativeTo="$parent_friHourFormat">
						<AbsPoint x="20" y="20"/>
					</Anchor>
				</Anchors>
				<Color r="255" g="255" b="255" a="255"/>
			</Label>

			<ComboBox name="$parent_cmbHourFormat" inherits="EA_ComboBox_DefaultResizableSmall" layer="popup">
				<Size>
					<AbsPoint x="130" y="30"/>
				</Size>
				<Anchors>
					<Anchor point="left" relativePoint="left" relativeTo="$parent_lblHourFormat">
						<AbsPoint x="235" y="0"/>
					</Anchor>
				</Anchors>
				<EventHandlers>
					<EventHandler event="OnSelChanged" function="WarBoard_ClockOptions.OnHourFormatSelected" />
				</EventHandlers>
			</ComboBox>

			<Label name="$parent_lblUseAMPM" inherits="DefaultWindowSmallText" textalign="left">
				<Size>
					<AbsPoint x="225" y="32"/>
				</Size>
				<Anchors>
					<Anchor point="topleft" relativePoint="topleft" relativeTo="$parent_lblHourFormat">
						<AbsPoint x="0" y="42"/>
					</Anchor>
				</Anchors>
				<Color r="255" g="255" b="255" a="255"/>
			</Label>

			<Button name="$parent_chkUseAMPM" inherits="EA_Button_DefaultCheckBox" layer="popup">
				<Anchors>
					<Anchor point="left" relativePoint="left" relativeTo="$parent_lblUseAMPM">
						<AbsPoint x="300" y="0" />
					</Anchor>
				</Anchors>
				<EventHandlers>
					<EventHandler event="OnLButtonUp" function="WarBoard_ClockOptions.OnToggleAmPm" />
				</EventHandlers>
			</Button>

			<Label name="$parent_lblStringFormat" inherits="DefaultWindowSmallText" textalign="left">
				<Size>
					<AbsPoint x="225" y="32"/>
				</Size>
				<Anchors>
					<Anchor point="topleft" relativePoint="topleft" relativeTo="$parent_lblUseAMPM">
						<AbsPoint x="0" y="42"/>
					</Anchor>
				</Anchors>
				<Color r="255" g="255" b="255" a="255"/>
			</Label>

			<EditBox name="$parent_edtStringFormat" inherits="EA_EditBox_DefaultFrame" scrolling="horiz" history="10">
				<Size>
					<AbsPoint x="200" y="30" />
				</Size>
				<Anchors>
					<Anchor point="left" relativePoint="left" relativeTo="$parent_lblStringFormat">
						<AbsPoint x="160" y="0"/>
					</Anchor>
				</Anchors>
				<EventHandlers>
						<EventHandler event="OnKeyEnter" function="WarBoard_ClockOptions.OnEnterKeyPressed" />
						<EventHandler event="OnMouseOver" function="WarBoard_ClockOptions.OnMouseOver" />
				</EventHandlers>
			</EditBox>
			<!-- HOUR FORMAT END -->

			<!-- SERVER TIME OFFSET START -->
			<FullResizeImage name="$parent_ServerSection" inherits="EA_FullResizeImage_TanBorder">
				<Size>
					<AbsPoint x="400" y="64" />
				</Size>
				<Anchors>
					<Anchor point="topleft" relativeTo="" relativePoint="topleft">
						<AbsPoint x="25" y="286" />
					</Anchor>
				</Anchors>
			</FullResizeImage>			
			<Label name="$parent_lblServerTimeOffsetSettings" font="font_clear_small_bold" autoresize="true" textalign="left" layer="popup" popable="false" handleinput="false">
				<Size>
					<AbsPoint x="300" y="32" />
				</Size>
				<Anchors>
					<Anchor point="topleft" relativeTo="$parent_ServerSection" relativePoint="bottomleft">
						<AbsPoint x="5" y="-5" />
					</Anchor>
				</Anchors>
				<Color r="150" g="20" b="150" a="255" />
			</Label>
			<Label name="$parent_lblOffsetSeconds" inherits="DefaultWindowSmallText" textalign="left">
				<Size>
					<AbsPoint x="300" y="32"/>
				</Size>
				<Anchors>
					<Anchor point="topleft" relativePoint="topleft" relativeTo="$parent_lblServerTimeOffsetSettings">
						<AbsPoint x="18" y="36"/>
					</Anchor>
				</Anchors>
				<Color r="255" g="255" b="255" a="255"/>
			</Label>
			<EditBox name="$parent_OffsetSeconds" inherits="EA_EditBox_DefaultFrame" scrolling="horiz" history="10">
				<Size>
					<AbsPoint x="200" y="30" />
				</Size>
				<Anchors>
					<Anchor point="left" relativePoint="left" relativeTo="$parent_lblOffsetSeconds">
						<AbsPoint x="160" y="0"/>
					</Anchor>
				</Anchors>
				<EventHandlers>
						<EventHandler event="OnKeyEnter" function="WarBoard_ClockOptions.OnEnterKeyPressed" />
						<EventHandler event="OnMouseOver" function="WarBoard_ClockOptions.OnMouseOverOffset" />
				</EventHandlers>
			</EditBox>
			<!-- SERVER TIME OFFSET END -->

			<!-- TEXT COLOR START -->
			<FullResizeImage name="$parent_ColorSection" inherits="EA_FullResizeImage_TanBorder">
				<Size>
					<AbsPoint x="400" y="156" />
				</Size>
				<Anchors>
					<Anchor point="topleft" relativeTo="" relativePoint="topleft">
						<AbsPoint x="25" y="400" />
					</Anchor>
				</Anchors>
			</FullResizeImage>

			<Label name="$parent_lblColor" font="font_clear_small_bold" autoresize="true" textalign="left" layer="popup" popable="false" handleinput="false">
				<Size>
					<AbsPoint x="300" y="32" />
				</Size>
				<Anchors>
					<Anchor point="topleft" relativeTo="$parent_ColorSection" relativePoint="bottomleft">
						<AbsPoint x="5" y="-5" />
					</Anchor>
				</Anchors>
				<Color r="150" g="20" b="150" a="255" />
			</Label>

			<SliderBar name="$parent_slbRed" inherits="EA_Default_SliderBar" >
				<Size>
					<AbsPoint x="225" y="32" />
				</Size>
				<Anchors>
					<Anchor point="topleft" relativePoint="topleft" relativeTo="$parent_ColorSection">
						<AbsPoint x="20" y="20" />
					</Anchor>
				</Anchors>
				<EventHandlers>
					<EventHandler event="OnSlide" function="WarBoard_ClockOptions.OnSliderChange" />
				</EventHandlers>
			</SliderBar>

			<SliderBar name="$parent_slbGreen" inherits="EA_Default_SliderBar" >
				<Size>
					<AbsPoint x="225" y="32" />
				</Size>
				<Anchors>
					<Anchor point="topleft" relativePoint="topleft" relativeTo="$parent_slbRed">
						<AbsPoint x="0" y="42" />
					</Anchor>
				</Anchors>
				<EventHandlers>
					<EventHandler event="OnSlide" function="WarBoard_ClockOptions.OnSliderChange" />
				</EventHandlers>
			</SliderBar>

			<SliderBar name="$parent_slbBlue" inherits="EA_Default_SliderBar" >
				<Size>
					<AbsPoint x="225" y="32" />
				</Size>
				<Anchors>
					<Anchor point="topleft" relativePoint="topleft" relativeTo="$parent_slbGreen">
						<AbsPoint x="0" y="42" />
					</Anchor>
				</Anchors>
				<EventHandlers>
					<EventHandler event="OnSlide" function="WarBoard_ClockOptions.OnSliderChange" />
				</EventHandlers>
			</SliderBar>

			<Label name="$parent_lblRed" font="font_clear_medium_bold" autoresize="true" textalign="left" layer="popup" popable="false" handleinput="false">
				<Size>
					<AbsPoint x="300" y="32" />
				</Size>
				<Anchors>
					<Anchor point="left" relativeTo="$parent_slbRed" relativePoint="left">
						<AbsPoint x="300" y="0" />
					</Anchor>
				</Anchors>
				<Color r="150" g="175" b="200" a="255" />
			</Label>

			<Label name="$parent_lblGreen" font="font_clear_medium_bold" autoresize="true" textalign="left" layer="popup" popable="false" handleinput="false">
				<Size>
					<AbsPoint x="300" y="32" />
				</Size>
				<Anchors>
					<Anchor point="left" relativeTo="$parent_slbGreen" relativePoint="left">
						<AbsPoint x="300" y="0" />
					</Anchor>
				</Anchors>
				<Color r="150" g="175" b="200" a="255" />
			</Label>

			<Label name="$parent_lblBlue" font="font_clear_medium_bold" autoresize="true" textalign="left" layer="popup" popable="false" handleinput="false">
				<Size>
					<AbsPoint x="300" y="32" />
				</Size>
				<Anchors>
					<Anchor point="left" relativeTo="$parent_slbBlue" relativePoint="left">
						<AbsPoint x="300" y="0" />
					</Anchor>
				</Anchors>
				<Color r="150" g="175" b="200" a="255" />
			</Label>
			<!-- TEXT COLOR END --> 

		</Windows>
	</Window>
</Windows>
</Interface>
